Workbook

Sheet WBS
A1: WBS ID | B1: Phase | C1: Work Package / Task | D1: Owner Role | E1: Start Date | F1: End Date | G1: Duration (Days) | H1: Dependency | I1: Status
A2: 1.1 | B2: Phase 1: Reality Alignment & Content Sourcing (7–10 Sep) | C2: Rewrite content pipeline to human-sourced-first model (AI limited to draft-translation assist only) | D2: Backend / Geospatial Engineer | E2: 46272 | F2: 46273 | G2: =F2-E2+1 -> 2 | I2: Not Started
A3: 1.2 | B3: Phase 1: Reality Alignment & Content Sourcing (7–10 Sep) | C3: Draft outreach message to Kimberley Big Hole & Diamond Museum | D3: Partnerships / Go-to-Market Lead | E3: 46272 | F3: 46273 | G3: =F3-E3+1 -> 2 | I3: Not Started
A4: 1.3 | B4: Phase 1: Reality Alignment & Content Sourcing (7–10 Sep) | C4: Draft outreach message to Matjiesfontein heritage village | D4: Partnerships / Go-to-Market Lead | E4: 46273 | F4: 46274 | G4: =F4-E4+1 -> 2 | I4: Not Started
A5: 1.4 | B5: Phase 1: Reality Alignment & Content Sourcing (7–10 Sep) | C5: Verify real waypoint coordinates for all 8 stations against published station records | D5: Backend / Geospatial Engineer | E5: 46272 | F5: 46273 | G5: =F5-E5+1 -> 2 | I5: Not Started
A6: 1.5 | B6: Phase 1: Reality Alignment & Content Sourcing (7–10 Sep) | C6: Finalize WBS and consumer-phasing plan (this document) | D6: Partnerships / Go-to-Market Lead | E6: 46274 | F6: 46275 | G6: =F6-E6+1 -> 2 | I6: Not Started
A7: 2.1 | B7: Phase 2: TRL 4 Lab Integration Build (10–18 Sep) | C7: Build integrated FastAPI journey-position service (route + geofence + content store) | D7: Backend / Geospatial Engineer | E7: 46275 | F7: 46278 | G7: =F7-E7+1 -> 4 | H7: 1.1 | I7: Not Started
A8: 2.2 | B8: Phase 2: TRL 4 Lab Integration Build (10–18 Sep) | C8: Build MapLibre animated route frontend (Explorer Mode skeleton) | D8: Frontend / Map Animation Developer | E8: 46276 | F8: 46281 | G8: =F8-E8+1 -> 6 | I8: Not Started
A9: 2.3 | B9: Phase 2: TRL 4 Lab Integration Build (10–18 Sep) | C9: Wire frontend to integrated API — first true end-to-end lab demo | D9: Frontend / Map Animation Developer | E9: 46281 | F9: 46283 | G9: =F9-E9+1 -> 3 | H9: 2.1, 2.2 | I9: Not Started
A10: 2.4 | B10: Phase 2: TRL 4 Lab Integration Build (10–18 Sep) | C10: Write end-to-end integration test suite (not just unit tests) | D10: Backend / Geospatial Engineer | E10: 46278 | F10: 46279 | G10: =F10-E10+1 -> 2 | H10: 2.1 | I10: Not Started
A11: 2.5 | B11: Phase 2: TRL 4 Lab Integration Build (10–18 Sep) | C11: Human review pass on all seeded story content before it ships | D11: UX & Cultural Content Lead | E11: 46279 | F11: 46281 | G11: =F11-E11+1 -> 3 | I11: Not Started
A12: 3.1 | B12: Phase 3: Consumer-Phasing Prep (18–24 Sep) | C12: Recruit 10–15 friends/family for closed Phase 0 pilot | D12: Partnerships / Go-to-Market Lead | E12: 46283 | F12: 46285 | G12: =F12-E12+1 -> 3 | I12: Not Started
A13: 3.2 | B13: Phase 3: Consumer-Phasing Prep (18–24 Sep) | C13: Run closed pilot walkthrough sessions and collect feedback | D13: UX & Cultural Content Lead | E13: 46285 | F13: 46287 | G13: =F13-E13+1 -> 3 | H13: 3.1 | I13: Not Started
A14: 3.3 | B14: Phase 3: Consumer-Phasing Prep (18–24 Sep) | C14: Incorporate pilot feedback into Explorer Mode UX | D14: Frontend / Map Animation Developer | E14: 46287 | F14: 46289 | G14: =F14-E14+1 -> 3 | H14: 3.2 | I14: Not Started
A15: 3.4 | B15: Phase 3: Consumer-Phasing Prep (18–24 Sep) | C15: Prepare judge-facing pitch deck and live demo script | D15: Partnerships / Go-to-Market Lead | E15: 46284 | F15: 46288 | G15: =F15-E15+1 -> 5 | I15: Not Started
A16: 3.5 | B16: Phase 3: Consumer-Phasing Prep (18–24 Sep) | C16: Rehearse live demo end-to-end with full team | D16: All | E16: 46288 | F16: 46289 | G16: =F16-E16+1 -> 2 | H16: 3.4 | I16: Not Started
A17: 4.1 | B17: Phase 4: Hackathon Weekend (25–27 Sep, BCX HQs Centurion) | C17: Day 1 — team sync and final build push | D17: All | E17: 46290 | F17: 46290 | G17: =F17-E17+1 -> 1 | I17: Not Started
A18: 4.2 | B18: Phase 4: Hackathon Weekend (25–27 Sep, BCX HQs Centurion) | C18: Day 2 — full run-through and judge Q&A preparation | D18: All | E18: 46291 | F18: 46291 | G18: =F18-E18+1 -> 1 | H18: 4.1 | I18: Not Started
A19: 4.3 | B19: Phase 4: Hackathon Weekend (25–27 Sep, BCX HQs Centurion) | C19: Day 3 — final polish, submission, live pitch | D19: All | E19: 46292 | F19: 46292 | G19: =F19-E19+1 -> 1 | H19: 4.2 | I19: Not Started
A20: 5.1 | B20: Phase 5: Post-Hackathon Consumer Rollout (28 Sep onward) | C20: Phase 0 — closed-pilot retro and fixes from hackathon feedback | D20: Backend / Geospatial Engineer | E20: 46293 | F20: 46300 | G20: =F20-E20+1 -> 8 | H20: 4.3 | I20: Not Started
A21: 5.2 | B21: Phase 5: Post-Hackathon Consumer Rollout (28 Sep onward) | C21: Phase 1 — limited public pilot with one confirmed operator partner (Rovos Rail or Blue Train) | D21: Partnerships / Go-to-Market Lead | E21: 46301 | F21: 46326 | G21: =F21-E21+1 -> 26 | H21: 5.1 | I21: Not Started
A22: 5.3 | B22: Phase 5: Post-Hackathon Consumer Rollout (28 Sep onward) | C22: Phase 2 — broader public Explorer Mode launch (no operator dependency) | D22: All | E22: 46327 | F22: 46356 | G22: =F22-E22+1 -> 30 | H22: 5.2 | I22: Not Started

Sheet Phase Summary
A1: Phase | B1: Total Tasks | C1: Not Started | D1: In Progress | E1: Done | F1: % Complete
A2: Phase 1: Reality Alignment & Content Sourcing (7–10 Sep) | B2: =COUNTIF(WBS!$B$2:$B$22,A2) -> 5 | C2: =COUNTIFS(WBS!$B$2:$B$22,A2,WBS!$I$2:$I$22,"Not Started") -> 5 | D2: =COUNTIFS(WBS!$B$2:$B$22,A2,WBS!$I$2:$I$22,"In Progress") -> 0 | E2: =COUNTIFS(WBS!$B$2:$B$22,A2,WBS!$I$2:$I$22,"Done") -> 0 | F2: =IFERROR(E2/B2,0) -> 0
A3: Phase 2: TRL 4 Lab Integration Build (10–18 Sep) | B3: =COUNTIF(WBS!$B$2:$B$22,A3) -> 5 | C3: =COUNTIFS(WBS!$B$2:$B$22,A3,WBS!$I$2:$I$22,"Not Started") -> 5 | D3: =COUNTIFS(WBS!$B$2:$B$22,A3,WBS!$I$2:$I$22,"In Progress") -> 0 | E3: =COUNTIFS(WBS!$B$2:$B$22,A3,WBS!$I$2:$I$22,"Done") -> 0 | F3: =IFERROR(E3/B3,0) -> 0
A4: Phase 3: Consumer-Phasing Prep (18–24 Sep) | B4: =COUNTIF(WBS!$B$2:$B$22,A4) -> 5 | C4: =COUNTIFS(WBS!$B$2:$B$22,A4,WBS!$I$2:$I$22,"Not Started") -> 5 | D4: =COUNTIFS(WBS!$B$2:$B$22,A4,WBS!$I$2:$I$22,"In Progress") -> 0 | E4: =COUNTIFS(WBS!$B$2:$B$22,A4,WBS!$I$2:$I$22,"Done") -> 0 | F4: =IFERROR(E4/B4,0) -> 0
A5: Phase 4: Hackathon Weekend (25–27 Sep, BCX HQs Centurion) | B5: =COUNTIF(WBS!$B$2:$B$22,A5) -> 3 | C5: =COUNTIFS(WBS!$B$2:$B$22,A5,WBS!$I$2:$I$22,"Not Started") -> 3 | D5: =COUNTIFS(WBS!$B$2:$B$22,A5,WBS!$I$2:$I$22,"In Progress") -> 0 | E5: =COUNTIFS(WBS!$B$2:$B$22,A5,WBS!$I$2:$I$22,"Done") -> 0 | F5: =IFERROR(E5/B5,0) -> 0
A6: Phase 5: Post-Hackathon Consumer Rollout (28 Sep onward) | B6: =COUNTIF(WBS!$B$2:$B$22,A6) -> 3 | C6: =COUNTIFS(WBS!$B$2:$B$22,A6,WBS!$I$2:$I$22,"Not Started") -> 3 | D6: =COUNTIFS(WBS!$B$2:$B$22,A6,WBS!$I$2:$I$22,"In Progress") -> 0 | E6: =COUNTIFS(WBS!$B$2:$B$22,A6,WBS!$I$2:$I$22,"Done") -> 0 | F6: =IFERROR(E6/B6,0) -> 0
A7: TOTAL | B7: =SUM(B2:B6) -> 21 | C7: =SUM(C2:C6) -> 21 | D7: =SUM(D2:D6) -> 0 | E7: =SUM(E2:E6) -> 0 | F7: =IFERROR(E7/B7,0) -> 0
